box_folder	box	folder	image
01-01	01	01	01-01 CYOA -- Cave of Time, The.txt.gv.png
01-05	01	05	01-05 CYOA -- Cave of Time, The.txt.gv.png
01-07	01	07	01-07 CYOA -- Cave of Time, The (115).txt.gv.png
01-07	01	07	01-07v2 CYOA -- Cave of Time, The (115).txt.gv.png
01-14	01	14	01-14 CYOA -- By Balloon to the Sahara.txt.gv.png
01-16	01	16	01-16 CYOA -- Space and Beyond.txt.gv.png
01-20	01	20	01-20 CYOA -- Mystery of Chimney Rock, The.txt.gv.png
01-24	01	24	01-24 CYOA -- Your Code Name is Jonah.txt.gv.png
01-27	01	27	01-27 CYOA -- Third Planet from Altair, The.txt.gv.png
01-29	01	29	01-29 CYOA -- Deadwood City.txt.gv.png
01-31	01	31	01-31 CYOA -- Who Killed Harlowe Thrombey.txt.gv.png
01-32	01	32	01-32 CYOA -- Who Killed Harlowe Thrombey.txt.gv.png
01-33	01	33	01-33 CYOA -- Who Killed Harlowe Thrombey.txt.gv.png
01-35	01	35	01-35 CYOA -- Lost Jewels of Nabooti, The.txt.gv.png
01-37	01	37	01-37 CYOA -- Mystery of the Maya.txt.gv.png
01-39	01	39	01-39 CYOA -- Inside UFO 54-40.txt.gv.png
01-39	01	39	01-39v2 CYOA -- Inside UFO 54-40 (labeled).txt.gv.png
01-42	01	42	01-42 CYOA -- Abominable Snowman, The. (new edition from Jeremy collection).txt.gv.png
01-42	01	42	01-42 CYOA -- Abominable Snowman, The. (old edition from Katz collection).txt.gv.png
01-42	01	42	01-42b CYOA -- Abominable Snowman, The.txt.gv.png
01-43	01	43	01-43 CYOA -- Forbidden Castle, The.txt.gv.png
01-45	01	45	01-45 CYOA -- House of Danger.txt.gv.png
01-47	01	47	01-47 CYOA -- Survival at Sea.txt.gv.png
01-48	01	48	01-48 CYOA -- Race Forever, The.txt.gv.png
01-49	01	49	01-49 CYOA -- Underground Kingdom.txt.gv.png
01-50	01	50	01-50 CYOA -- Secret of the Pyramids.txt.gv.png
01-51	01	51	01-51 CYOA -- Escape.txt.gv.png
01-52	01	52	01-52 CYOA -- Hyperspace.txt.gv.png
01-53	01	53	01-53 CYOA -- Space Patrol.txt.gv.png
01-55	01	55	01-55 CYOA -- Lost Tribe, The.txt.gv.png
01-56	01	56	01-56 CYOA -- Lost on the Amazon.txt.gv.png
01-57	01	57	01-57 CYOA -- Prisoner of the Ant People.txt.gv.png
01-58	01	58	01-58 CYOA -- Phantom Submarine, The.txt.gv.png
01-59	01	59	01-59 CYOA -- Horror of High Ridge, The.txt.gv.png
01-60	01	60	01-60 CYOA -- Mountain Survival.txt.gv.png
01-61	01	61	01-61 CYOA -- Trouble on Planet Earth.txt.gv.png
01-65	01	65	01-65 CYOA -- Vampire Express.txt.gv.png
01-65	01	65	01-65v2 CYOA -- Vampire Express (printing-error).txt.gv.png
01-65	01	65	01-65v3 CYOA -- Vampire Express (broken).txt.gv.png
02-07	02	07	02-07 CYOA -- War with the Evil Power Master (118) delay rush.txt.gv.png
02-07	02	07	02-07 CYOA -- War with the Evil Power Master (118) no tags.txt.gv.png
02-07	02	07	02-07 CYOA -- War with the Evil Power Master (118).txt.gv.png
02-23	02	23	02-23 CYOA 50 Return to the Cave of Time (115).txt.gv.png
02-50	02	50	02-50 CYOA -- Space Vampire.txt.gv.png
02-50	02	50	02-50v2 CYOA 71 Space Vampire labels no tags.txt.gv.png
03-01	03	01	03-01 CYOA -- Inca Gold.txt.gv.png
03-02	03	02	03-02 CYOA -- Knights of the Round Table.txt.gv.png
03-03	03	03	03-03 CYOA -- Exiled to Earth.txt.gv.png
03-04	03	04	03-04 CYOA -- Master of Kung Fu.txt.gv.png
03-05	03	05	03-05 CYOA -- South Pole Sabotage.txt.gv.png
03-06	03	06	03-06 CYOA -- Mutiny in Space.txt.gv.png
03-07	03	07	03-07 CYOA -- You Are a Superstar.txt.gv.png
03-08	03	08	03-08 CYOA -- Return of the Ninja.txt.gv.png
03-09	03	09	03-09 CYOA -- Captive.txt.gv.png
03-10	03	10	03-10 CYOA -- Blood on the Handle.txt.gv.png
03-11	03	11	03-11 CYOA -- You Are a Genius.txt.gv.png
03-12	03	12	03-12 CYOA -- Stock Car Champion.txt.gv.png
03-13	03	13	03-13 CYOA -- Through the Black Hole.txt.gv.png
03-14	03	14	03-14 CYOA -- You Are a Millionaire.txt.gv.png
03-15	03	15	03-15 CYOA -- Revenge of the Russian Ghost.txt.gv.png
03-16	03	16	03-16 CYOA -- Worst Day of Your Life, The.txt.gv.png
03-17	03	17	03-17 CYOA -- Alien, Go Home.txt.gv.png
03-18	03	18	03-18 CYOA -- Master of Tae Kwon Do.txt.gv.png
03-19	03	19	03-19 CYOA -- Grave Robbers.txt.gv.png
03-20	03	20	03-20 CYOA -- Cobra Connection.txt.gv.png
03-21	03	21	03-21 CYOA -- Treasure of the Onyx Dragon, The.txt.gv.png
03-22	03	22	03-22 CYOA -- Hijacked.txt.gv.png
03-23	03	23	03-23 CYOA -- Fight for Freedom.txt.gv.png
03-24	03	24	03-24 CYOA -- Master of Karate.txt.gv.png
03-25	03	25	03-25 CYOA -- Chinese Dragons.txt.gv.png
03-26	03	26	03-26 CYOA -- Invaders from Within.txt.gv.png
03-27	03	27	03-27 CYOA -- Smoke Jumper.txt.gv.png
03-28	03	28	03-28 CYOA -- Skateboard Champion.txt.gv.png
03-29	03	29	03-29 CYOA -- Lost Ninja, The.txt.gv.png
03-30	03	30	03-30 CYOA -- Daredevil Park.txt.gv.png
03-31	03	31	03-31 CYOA -- Island of Time.txt.gv.png
03-32	03	32	03-32 CYOA -- Kidnapped!.txt.gv.png
03-33	03	33	03-33 CYOA -- Search for Aladdin's Lamp.txt.gv.png
03-34	03	34	03-34 CYOA -- Vampire Invaders.txt.gv.png
03-35	03	35	03-35 CYOA -- Terrorist Trap.txt.gv.png
03-36	03	36	03-36 CYOA -- Ghost Train.txt.gv.png
03-37	03	37	03-37 CYOA -- Behind the Wheel.txt.gv.png
03-38	03	38	03-38 CYOA -- Magic Master.txt.gv.png
03-39	03	39	03-39 CYOA -- Silver Wings.txt.gv.png
03-40	03	40	03-40 CYOA -- Superbike.txt.gv.png
03-41	03	41	03-41 CYOA -- Outlaw Gulch.txt.gv.png
03-42	03	42	03-42 CYOA -- Master of Martial Arts.txt.gv.png
03-43	03	43	03-43 CYOA -- Showdown.txt.gv.png
03-44	03	44	03-44 CYOA -- Viking Raiders.txt.gv.png
03-45	03	45	03-45 CYOA -- Earthquake.txt.gv.png
03-46	03	46	03-46 CYOA -- You Are Microscopic.txt.gv.png
03-47	03	47	03-47 CYOA -- Surf Monkeys.txt.gv.png
03-48	03	48	03-48 CYOA -- Luckiest Day of Your Life, The.txt.gv.png
03-49	03	49	03-49 CYOA -- Forgotten Planet, The.txt.gv.png
03-50	03	50	03-50 CYOA -- Secret of the Dolphins.txt.gv.png
03-51	03	51	03-51 CYOA -- Playoff Champion.txt.gv.png
03-52	03	52	03-52 CYOA -- Roller Star.txt.gv.png
03-53	03	53	03-53 CYOA -- Scene of the Crime.txt.gv.png
03-54	03	54	03-54 CYOA -- Dinosaur Island.txt.gv.png
03-55	03	55	03-55 CYOA -- Motocross Mania.txt.gv.png
03-56	03	56	03-56 CYOA -- Horror House.txt.gv.png
03-57	03	57	03-57 CYOA -- Secret of Mystery Hill, The.txt.gv.png
03-58	03	58	03-58 CYOA -- Reality Machine, The.txt.gv.png
03-59	03	59	03-59 CYOA -- Project UFO.txt.gv.png
03-60	03	60	03-60 CYOA -- Comet Crash.txt.gv.png
03-61	03	61	03-61 CYOA -- Everest Adventure.txt.gv.png
03-62	03	62	03-62 CYOA -- Soccer Star.txt.gv.png
03-63	03	63	03-63 CYOA -- The Antimatter Universe.txt.gv.png
03-64	03	64	03-64 CYOA -- Master of Judo.txt.gv.png
04-01	04	01	04-01 CYOA -- Search the Amazon.txt.gv.png
04-02	04	02	04-02 CYOA -- Who Are You.txt.gv.png
04-03	04	03	04-03 CYOA -- Gunfire at Gettysburg.txt.gv.png
04-04	04	04	04-04 CYOA -- War with the Mutant Spider Ants.txt.gv.png
04-05	04	05	04-05 CYOA -- Last Run.txt.gv.png
04-06	04	06	04-06 CYOA -- Cyberspace Warrior.txt.gv.png
04-07	04	07	04-07 CYOA -- Ninja Cyborg.txt.gv.png
04-08	04	08	04-08 CYOA -- You Are an Alien.txt.gv.png
04-09	04	09	04-09 CYOA -- U.N. Adventure.txt.gv.png
04-10	04	10	04-10 CYOA -- Sky Jam.txt.gv.png
04-11	04	11	04-11 CYOA -- Tattoo of Death.txt.gv.png
04-12	04	12	04-12 CYOA -- Possessed.txt.gv.png
04-13	04	13	04-13 CYOA -- Typhoon.txt.gv.png
04-14	04	14	04-14 CYOA -- Shadow of the Swastika.txt.gv.png
04-15	04	15	04-15 CYOA -- Fright Night.txt.gv.png
04-16	04	16	04-16 CYOA -- Snowboard Racer.txt.gv.png
04-17	04	17	04-17 CYOA -- Master of Aikido.txt.gv.png
04-18	04	18	04-18 CYOA -- Moon Quest.txt.gv.png
04-19	04	19	04-19 CYOA -- Hostage.txt.gv.png
04-20	04	20	04-20 CYOA -- Terror on the Titanic.txt.gv.png
04-21	04	21	04-21 CYOA -- Greed, Guns, and Gold.txt.gv.png
04-22	04	22	04-22 CYOA -- Death in the Dorm.txt.gv.png
04-23	04	23	04-23 CYOA -- Mountain Biker.txt.gv.png
04-24	04	24	04-24 CYOA -- The Gold Medal Secret.txt.gv.png
04-25	04	25	04-25 CYOA -- The Power Dome.txt.gv.png
04-26	04	26	04-26 CYOA -- The Underground Railroad.txt.gv.png
04-28	04	28	04-28 CYOA -- Master of Kendo.txt.gv.png
04-29	04	29	04-29 CYOA -- Killer Virus.txt.gv.png
04-30	04	30	04-30 CYOA -- River of No Return.txt.gv.png
04-31	04	31	04-31 CYOA -- Ninja Avenger.txt.gv.png
04-32	04	32	04-32 CYOA -- Stampede.txt.gv.png
04-33	04	33	04-33 CYOA -- Fire on Ice.txt.gv.png
04-34	04	34	04-34 CYOA -- Fugitive.txt.gv.png
04-35	04	35	04-35 CYOA -- Cyberhacker.txt.gv.png
04-36	04	36	04-36 CYOA -- Mayday.txt.gv.png
04-37	04	37	04-37 CYOA -- The Abominable Snowman.txt.gv.png
04-38	04	38	04-38 CYOA -- Journey Under the Sea.txt.gv.png
04-39	04	39	04-39 CYOA -- Space and Beyond.txt.gv.png
04-40	04	40	04-40 CYOA -- The Lost Jewels of Nabooti.txt.gv.png
04-42	04	42	04-42 CYOA -- Mystery of the Maya.txt.gv.png
04-43	04	43	04-43 CYOA -- Race Forever.txt.gv.png
04-43	04	43	04-43v2 CYOA -- Race Forever (restarting).txt.gv.png
04-45	04	45	04-45 CYOA -- Escape.txt.gv.png
04-46	04	46	04-46 CYOA -- Lost on the Amazon.txt.gv.png
04-47	04	47	04-47 CYOA -- Trouble on Planet Earth.txt.gv.png
04-48	04	48	04-48 CYOA -- War with the Evil Power Master.txt.gv.png
04-49	04	49	04-49 CYOA -- The Mystery of Ura Senke.txt.gv.png
04-50	04	50	04-50 CYOA -- Beyond Escape.txt.gv.png
04-51	04	51	04-51 CYOA -- Secret of the Ninja.txt.gv.png
04-52	04	52	04-52 CYOA -- The Brilliant Dr. Wogan.txt.gv.png
04-53	04	53	04-53 CYOA -- Return to Atlantis.txt.gv.png
04-54	04	54	04-54 CYOA -- Forecast from Stonehenge.txt.gv.png
04-55	04	55	04-55 CYOA -- Inca Gold.txt.gv.png
04-55	04	55	04-55b CYOA -- Inca Gold (corrected).txt.gv.png
04-56	04	56	04-56 CYOA -- Struggle Down Under.txt.gv.png
04-56	04	56	04-56b CYOA -- Struggle Down Under (corrected).txt.gv.png
04-57	04	57	04-57 Tattoo of Death (reprint).txt.gv.png
04-58	04	58	04-58 Silver Wings.txt.gv.png
04-59	04	59	04-59 Terror on the Titanic (reprint).txt.gv.png
04-60	04	60	04-60 Search for the Mountain Gorillas.txt.gv.png
04-61	04	61	04-61 Moon Quest (reprint).txt.gv.png
04-62	04	62	04-62 Project UFO.txt.gv.png
04-63	04	63	04-63 The Island of Time.txt.gv.png
04-64	04	64	04-64 Smoke Jumpers.txt.gv.png
04-65	04	65	04-65 Chinese Dragons.txt.gv.png
04-66	04	66	04-66 Track Star.txt.gv.png
04-67	04	67	04-67 U.N. Adventure Mission to Molowa (reprint).txt.gv.png
04-68	04	68	04-68 Blood on the Handle.txt.gv.png
04-69	04	69	04-69 Zombie Penpal.txt.gv.png
04-70	04	70	04-70 The Computer Takeover.txt.gv.png
05-01	05	01	05-01 CYOA-YR -- Circus, The.txt.gv.png
05-04	05	04	05-04 CYOA-YR -- Haunted House, The.txt.gv.png
05-07	05	07	05-07 CYOA-YR -- Sunken Treasure.txt.gv.png
05-10	05	10	05-10 CYOA-YR -- Your Very Own Robot.txt.gv.png
05-13	05	13	05-13 CYOA-YR -- Gorga, The Space Monster.txt.gv.png
05-14	05	14	05-14 CYOA-YR -- Search for Champ, The.txt.gv.png
05-17	05	17	05-17 CYOA-YR -- Green Slime, The.txt.gv.png
05-20	05	20	05-20 CYOA-YR -- Help You're Shrinking.txt.gv.png
05-21	05	21	05-21 CYOA-YR -- Indian Trail.txt.gv.png
05-22	05	22	05-22 CYOA-YR -- Dream Trips (Go to any Page Version).txt.gv.png
05-22	05	22	05-22 CYOA-YR -- Dream Trips.txt.gv.png
05-24	05	24	05-24 CYOA-YR -- Genie in the Bottle, The.txt.gv.png
05-25	05	25	05-25 CYOA-YR -- Bigfoot Mystery, The.txt.gv.png
05-27	05	27	05-27 CYOA-YR -- Creature from Miller's Pond, The.txt.gv.png
05-28	05	28	05-28 CYOA-YR -- Jungle Safari.txt.gv.png
05-29	05	29	05-29 CYOA-YR -- Mummy's Tomb, The.txt.gv.png
05-30	05	30	05-30 CYOA-YR -- Three Wishes, The.txt.gv.png
05-32	05	32	05-32 CYOA-YR -- Dragons.txt.gv.png
05-33	05	33	05-33 CYOA-YR -- Wild Horse Country.txt.gv.png
05-34	05	34	05-34 CYOA-YR -- Summer Camp.txt.gv.png
05-36	05	36	05-36 CYOA-YR -- Tower of London, The.txt.gv.png
05-37	05	37	05-37 CYOA-YR -- Trouble in Space.txt.gv.png
05-39	05	39	05-39 CYOA-YR -- Mona is Missing.txt.gv.png
05-40	05	40	05-40 CYOA-YR -- Evil Wizard, The.txt.gv.png
05-41	05	41	05-41 CYOA-YR -- Polar Bear Express, The.txt.gv.png
05-44	05	44	05-44 CYOA-YR -- Flying Carpet, The.txt.gv.png
05-45	05	45	05-45 CYOA-YR -- Magic Path, The.txt.gv.png
05-46	05	46	05-46 CYOA-YR -- Ice Cave.txt.gv.png
05-47	05	47	05-47 CYOA-YR -- Fire.txt.gv.png
05-49	05	49	05-49 CYOA-YR -- Fairy Kidnap, The.txt.gv.png
05-50	05	50	05-50 CYOA-YR -- Runaway Spaceship.txt.gv.png
05-51	05	51	05-51 CYOA-YR -- Lost Dog.txt.gv.png
05-52	05	52	05-52 CYOA-YR -- Blizzard a Black Swan Inn.txt.gv.png
05-53	05	53	05-53 CYOA-YR -- Haunted Harbor.txt.gv.png
05-55	05	55	05-55 CYOA-YR -- Attack of The Monster Plants.txt.gv.png
05-56	05	56	05-56 CYOA-YR -- Miss Liberty Caper, The.txt.gv.png
05-57	05	57	05-57 CYOA-YR -- Owl Tree, The.txt.gv.png
05-58	05	58	05-58 CYOA-YR -- Haunted Halloween Party.txt.gv.png
05-59	05	59	05-59 CYOA-YR -- Sand Castle.txt.gv.png
05-60	05	60	05-60 CYOA-YR -- Caravan.txt.gv.png
05-61	05	61	05-61 CYOA-YR -- Great Easter Bunny Adventure, The.txt.gv.png
05-62	05	62	05-62 CYOA-YR -- The Movie Mystery.txt.gv.png
05-63	05	63	05-63 CYOA-YR -- Light on Burro Mountain.txt.gv.png
05-64	05	64	05-64 CYOA-YR -- Home in Time for Christmas.txt.gv.png
05-65	05	65	05-65 CYOA-YR -- You See the Future.txt.gv.png
05-66	05	66	05-66 CYOA-YR -- The Great Zopper Toothpaste Treasure.txt.gv.png
05-68	05	68	05-68 CYOA-YR -- A Day With The Dinosaurs.txt.gv.png
05-69	05	69	05-69  CYOA-YR -- Spooky Thanksgiving.txt.gv.png
05-70	05	70	05-70 CYOA-YR -- You Are Invisible.txt.gv.png
05-71	05	71	05-71 CYOA-YR -- Race of the Year.txt.gv.png
05-72	05	72	05-72 CYOA-YR -- Stranded!.txt.gv.png
05-73	05	73	05-73 CYOA-YR -- You Can Make a Difference The Story of Martin Luther King Jr..txt.gv.png
05-74	05	74	05-74 CYOA-YR -- The Enchanted Attic.txt.gv.png
05-75	05	75	05-75 CYOA-SA -- Journey to the Year 3000.txt.gv.png
05-76	05	76	05-76 CYOA-SA -- Danger Zones.txt.gv.png
05-77	05	77	05-77 CYOA-Space Hawks -- Faster Than Light.txt.gv.png
05-78	05	78	05-78 CYOA-Space Hawks -- Alien Invaders.txt.gv.png
05-79	05	79	05-79 CYOA-Space Hawks -- Space Fortress.txt.gv.png
05-80	05	80	05-80 CYOA-Space Hawks -- The Comet Masters.txt.gv.png
05-81	05	81	05-81 CYOA-Space Hawks -- The Fiber People.txt.gv.png
05-82	05	82	05-82A CYOA-Space Hawks -- The Planet Eater.txt.gv.png
05-84	05	84	05-84 CYOA-Passport -- Tour De France.txt.gv.png
05-85	05	85	05-85 CYOA-Passport -- Forgotten Days.txt.gv.png
05-86	05	86	05-86 CYOA-Passport -- On Tour.txt.gv.png
05-88	05	88	05-88 Young Indiana Jones Chronicles -- The Valley of Kings.txt.gv.png
05-89	05	89	05-89 Young Indiana Jones Chronicles -- South of the Border.txt.gv.png
05-90	05	90	05-90 Young Indiana Jones Chronicles -- Revolution in Russia.txt.gv.png
05-91	05	91	05-91 Young Indiana Jones Chronicles -- Masters of the Louvre.txt.gv.png
05-92	05	92	05-92 Young Indiana Jones Chronicles -- African Safari.txt.gv.png
05-93	05	93	05-93 Young Indiana Jones Chronicles -- Behind the Great Wall.txt.gv.png
05-94	05	94	05-94 Young Indiana Jones Chronicles -- The Roaring Twenties.txt.gv.png
05-95	05	95	05-95 Young Indiana Jones Chronicles -- The Irish Rebellion.txt.gv.png
06-06	06	06	06-06 CYON 01 Night of the Werewolf.txt.gv.png
06-07	06	07	06-07 CYON 02 Beware the Snake's Venom.txt.gv.png
06-10	06	10	06-10 CYON 05 Halloween Party, The.txt.gv.png
06-11	06	11	06-11 CYON 06 Risk Your Life Arcade .txt.gv.png
06-12	06	12	06-12 CYON 07 Biting for Blood .txt.gv.png
06-13	06	13	06-13 CYON 08 Bugged Out! .txt.gv.png
06-14	06	14	06-14 CYON 09 Mummy Who Wouldn't Die, The.txt.gv.png
06-15	06	15	06-15 CYON 10 It Happened at Camp Pine Tree .txt.gv.png
06-16	06	16	06-16 CYON 11 Watch Out for Room 13.txt.gv.png
06-17	06	17	06-17 CYON 15 How I Became a Freak .txt.gv.png
06-18	06	18	06-18 CYON 16 Welcome to Horror Hospital.txt.gv.png
06-19	06	19	06-19 CYON 17 Attack of the Living Mask.txt.gv.png
06-20	06	20	06-20 CYON 18 Toy Shop of Terror, The.txt.gv.png
06-22	06	22	06-22  Goosebumps 05 Night in Werewolf Woods .txt.gv.png
06-23	06	23	06-23 Goosebumps 06 Beware of the Purple Peanut Butter.txt.gv.png
06-24	06	24	06-24 Goosebumps 07 Under the Magician's Spell.txt.gv.png
06-25	06	25	06-25 Goosebumps 08 Curse of the Creeping Coffin, The.txt.gv.png
06-26	06	26	06-26 Goosebumps 09 Knight in Screaming Armor, The.txt.gv.png
06-27	06	27	06-27 Goosebumps 10 Diary of a Mad Mummy .txt.gv.png
06-28	06	28	06-28 Goosebumps 11 Deep in the Jungle of Doom.txt.gv.png
06-29	06	29	06-29 Goosebumps 12 Welcome to the Wicked Wax Museum.txt.gv.png
06-30	06	30	06-30 Goosebumps 13 Scream of the Evil Genie.txt.gv.png
06-31	06	31	06-31 Goosebumps 14 Creepy Creations of Professor Shock, The.txt.gv.png
06-32	06	32	06-32 Goosebumps 15 Please Don't Feed the Vampire!.txt.gv.png
06-33	06	33	06-33 Goosebumps 16 Secret Agent Grandma .txt.gv.png
06-34	06	34	06-34 Goosebumps 17 Little Comic Shop of Horrors .txt.gv.png
06-35	06	35	06-35 Goosebumps 18 Attack of the Beastly Baby-Sitter.txt.gv.png
06-36	06	36	06-36 Goosebumps 19 Escape From Camp Run-For-Your-Life.txt.gv.png
06-37	06	37	06-37 Goosebumps 20 Toy Terror- Batteries Included.txt.gv.png
06-38	06	38	06-38 Goosebumps 21 The Twisted Tale of Tiki Island .txt.gv.png
06-39	06	39	06-39 Goosebumps 22 Return to the Carnival of Horrors .txt.gv.png
06-40	06	40	06-40 Goosebumps 23 Zapped in Space .txt.gv.png
06-41	06	41	06-41 Goosebumps 24 Lost in Stinkeye Swamp .txt.gv.png
06-42	06	42	06-42 Goosebumps 25 Shop Till You Drop...Dead!.txt.gv.png
06-43	06	43	06-43 Goosebumps 26 Alone in Snakebite Canyon .txt.gv.png
06-44	06	44	06-44 Goosebumps 27 Checkout Time at the Dead-End Hotel .txt.gv.png
06-45	06	45	06-45 Goosebumps 28 Night of a Thousand Claws.txt.gv.png
06-46	06	46	06-46 Goosebumps 29 Invaders from the Big Screen .txt.gv.png
06-47	06	47	06-47 Goosebumps 30 You're Plant Food! .txt.gv.png
06-48	06	48	06-48 Goosebumps 31 The Werewolf of Twisted Tree Lodge .txt.gv.png
06-49	06	49	06-49 Goosebumps 32 It's Only a Nightmare! .txt.gv.png
06-50	06	50	06-50 Goosebumps 33 It Came from the Internet .txt.gv.png
06-51	06	51	06-51 Goosebumps 34 Elevator to Nowhere.txt.gv.png
06-52	06	52	06-52 Goosebumps 35 Hocus-Pocus Horror.txt.gv.png
06-53	06	53	06-53 Goosebumps 36 Ship of Ghouls.txt.gv.png
06-54	06	54	06-54 Goosebumps 37 Escape from Horror House .txt.gv.png
06-55	06	55	06-55 Goosebumps 38 Into the Twister of Terror .txt.gv.png
06-56	06	56	06-56 Goosebumps 39 Scary Birthday to You! .txt.gv.png
06-57	06	57	06-57 Goosebumps 40 Zombie School .txt.gv.png
06-58	06	58	06-58 Goosebumps 41 Danger Time.txt.gv.png
06-59	06	59	06-59 Goosebumps 42 All-Day Nightmare .txt.gv.png
06-8 	06	8 	06-8 CYON 03 Island of Doom.txt.gv.png
06-9 	06	9 	06-9 CYON 04 Castle of Darkness .txt.gv.png
07-01	07	01	07-01 Goosebumps S01 Into the Jaws of Doom (238).txt.gv.png
07-09	07	09	07-09 Nightmares -- Cave of Fear (126) --annotated.txt.gv.png
07-09	07	09	07-09 Nightmares -- Cave of Fear (126) --corrected.txt.gv.png
07-09	07	09	07-09 Nightmares -- Cave of Fear (126) --labeled.txt.gv.png
07-09	07	09	07-09 Nightmares -- Cave of Fear (126).txt.gv.png
07-10	07	10	07-10 Nightmares -- Valley of the Screaming Statues (126).txt.gv.png
07-11	07	11	07-11 Nightmares -- Castle of Horror (126).txt.gv.png
07-12	07	12	07-12 Nightmares -- Planet of Terror (126).txt.gv.png
07-13	07	13	07-13 Lifegames 01 Woman Up the Corporate Ladder (192).txt.gv.png
07-14	07	14	07-14 Lifegames 03 Starstruck (192).txt.gv.png
07-15	07	15	07-15 Lifegames 04 Woman in Power Politics (192).txt.gv.png
07-16	07	16	07-16 Lifegames 06 Matchpoint (192).txt.gv.png
07-26	07	26	07-26 Endless Quest 05 Revolt of the Dwarves (157).txt.gv.png
07-27	07	27	07-27 Endless Quest 06 Revenge of the Rainbow Dragons (157).txt.gv.png
07-29	07	29	07-29 Endless Quest 14 Raid on Nightmare Castle (157).txt.gv.png
07-29	07	29	07-29B Endless Quest 14 Raid on Nightmare Castle (157).txt.gv.png
07-30	07	30	07-30 Endless Quest 15 Under Dragon's Wing (157).txt.gv.png
07-31	07	31	07-31 Endless Quest 16 The Dragon's Ransom (157).txt.gv.png
07-32	07	32	07-32 Endless Quest 17 Captive Planet (157).txt.gv.png
07-33	07	33	07-33 Endless Quest 18 King's Quest.txt.gv.png
07-34	07	34	07-34 Endless Quest 18 Conan the Undaunted (157).txt.gv.png
07-34	07	34	07-34 Endless Quest 18 Undaunted (157), The.txt.gv.png
07-35	07	35	07-35 Endless Quest 19 Conan and the Prophey (157).txt.gv.png
07-36	07	36	07-36 Endless Quest 21 Duel of the Masters (157).txt.gv.png
07-37	07	37	07-37 Endless Quest 22 Endless Catacombs (157).txt.gv.png
07-40	07	40	07-40 Endless Quest 24 Trouble on Artule (157).txt.gv.png
07-41	07	41	07-41 Endless Quest 25 Outlaw, The (157).txt.gv.png
07-42	07	42	07-42 Endless Quest 26 Tarzan and the Well of Slaves (157).txt.gv.png
07-43	07	43	07-43 Endless Quest 27 Lair of the Lich (157).txt.gv.png
07-44	07	44	07-44 Endless Quest 28 Mystery of the Ancients (157).txt.gv.png
07-45	07	45	07-45 Endless Quest 29 Tower of Darkness (157).txt.gv.png
07-46	07	46	07-46 Endless Quest 30 Fireseed (157), The.txt.gv.png
07-47	07	47	07-47 Endless Quest 31 Tarzan and the Tower of Diamonds (157).txt.gv.png
07-48	07	48	07-48 Endless Quest 32 Prisoner of Elderwood (157).txt.gv.png
07-49	07	49	07-49 Endless Quest 33 Knight of Illusion (159).txt.gv.png
07-50	07	50	07-50 Endless Quest 34 Claw of the Dragon.txt.gv.png
07-51	07	51	07-51 Endless Quest 35 Vision of Doom (160).txt.gv.png
07-52	07	52	07-52 Endless Quest 36 Song of the Dark Druid (160).txt.gv.png
07-53	07	53	07-53 Endless Quest Dungeon of Fear.txt.gv.png
07-54	07	54	07-54 Endless Quest Castle of the Undead.txt.gv.png
07-55	07	55	07-55 Endless Quest Secret of Djinn.txt.gv.png
07-56	07	56	07-56 Endless Quest Siege of the Tower.txt.gv.png
07-57	07	57	07-57 Endless Quest A Wild Ride.txt.gv.png
07-58	07	58	07-58 Endless Quest Forest of Darkness.txt.gv.png
07-59	07	59	07-59 Endless Quest American Knights.txt.gv.png
07-60	07	60	07-60 Endless Quest 07 Night of the Tiger (EDIT G).txt.gv.png
07-60	07	60	07-60 Endless Quest 07 Night of the Tiger.txt.gv.png
07-61	07	61	07-61 Endless Quest Galactic Challenge.txt.gv.png
07-62	07	62	07-62 Endless Quest Bigby's Curse.txt.gv.png
07-63	07	63	07-63 Endless Quest 24-Hour War.txt.gv.png
08-01	08	01	08-01 Thundercats -- The Thundercats and the Ghost Warrior.txt.gv.png
08-02	08	02	08-02 Thundercats -- The Thundercats and the Snowmen of Hook Mountain.txt.gv.png
08-03	08	03	08-03 The Three Investigators -- The Case of the Weeping Coffin.txt.gv.png
08-04	08	04	08-04 The Three Investigators -- Case of the Dancing Dinosaur, The.txt.gv.png
08-05	08	05	08-05 The Three Investigators -- Case of the House of Horrors, The.txt.gv.png
08-06	08	06	08-06 The Three Investigators -- Case of the Savage Statue, The.txt.gv.png
09-01	09	01	09-01 Time Machine -- Blade of the Guillotine.txt.gv.png
09-01	09	01	09-01v2 Time Machine -- Blade of the Guillotine (compressed).txt.gv.png
09-03	09	03	09-03 Time Machine 15 Flame of the Inquisition.txt.gv.png
09-04	09	04	09-04 Time Machine 16 Quest for the Cities of Gold.txt.gv.png
09-05	09	05	09-05 Time Machine 17 Scotland Yard Detective.txt.gv.png
09-06	09	06	09-06 Time Machine 18 Sword of Caesar.txt.gv.png
09-07	09	07	09-07 Time Machine 19 Death Mask of Pancho Villa.txt.gv.png
09-08	09	08	09-08 Time Machine 20 Bound for Australia.txt.gv.png
09-10	09	10	09-10 Time Machine 22 Last of the Dinosaurs.txt.gv.png
09-12	09	12	09-12 Time Machine 23 Quest for King Arthur.txt.gv.png
09-13	09	13	09-13 Time Machine 24 World War I Flying Ace.txt.gv.png
09-14	09	14	09-14 Time Machine Special Edition World War II Code Breaker.txt.gv.png
09-15	09	15	09-15 Time Traveler 01 Voyage With Columbus.txt.gv.png
09-16	09	16	09-16 Time Traveler 02 Legend of Hiawatha, The.txt.gv.png
09-17	09	17	09-17 Time Traveler 03 First Settlers, The.txt.gv.png
09-18	09	18	09-18 Time Traveler 04 Amazing Ben Franklin, The.txt.gv.png
09-19	09	19	09-19 Time Traveler 05 Paul Revere and the Boston Tea Party.txt.gv.png
09-20	09	20	09-20 Time Traveler 06 George Washington and the Constitution.txt.gv.png
09-21	09	21	09-21 Be An Interplanetary Spy 01 Find the Kirillian.txt.gv.png
09-23	09	23	09-23 Be An Interplanetary Spy 02 Galactic Pirate, The.txt.gv.png
09-24	09	24	09-24 Be An Interplanetary Spy 03 Robot World.txt.gv.png
09-25	09	25	09-25 Be An Interplanetary Spy 04 Space Olympics.txt.gv.png
09-26	09	26	09-26 Be An Interplanetary Spy 05 Monsters of Doorna.txt.gv.png
09-27	09	27	09-27 Be an Interplanetary Spy 06 The Star Crystal.txt.gv.png
09-28	09	28	09-28 Be an Interplanetary Spy 07 Rebel Spy.txt.gv.png
09-29	09	29	09-29 Be an Interplanetary Spy 08 Mission to Microworld.txt.gv.png
09-30	09	30	09-30 Be an Interplanetary Spy 09 Ultraheroes.txt.gv.png
09-31	09	31	09-31 Be an Interplanetary Spy 10 Planet Hunters.txt.gv.png
09-32	09	32	09-32 Be an Interplanetary Spy 11 The Red Rocket.txt.gv.png
09-33	09	33	09-33 Be an Interplanetary Spy 12 Skystalker.txt.gv.png
09-34	09	34	09-34 Which Way Books 01 The Castle of No Return.txt.gv.png
09-35	09	35	09-35 Which Way Books 02 Vampires, Spies and Alien Beings.txt.gv.png
09-37	09	37	09-37 Which Way Books 03 The Spell of the Black Raven.txt.gv.png
09-38	09	38	09-38 Which Way Books 04 Famous and Rich.txt.gv.png
09-40	09	40	09-40 Which Way Books 05 Lost In A Strange Land.txt.gv.png
09-41	09	41	09-41 Which Way Books 06 Sugarcane Island.txt.gv.png
09-42	09	42	09-42 Which Way Books 07 Curse of the Sunken Treasure.txt.gv.png
09-45	09	45	09-45 Which Way Books 08 Cosmic Encounters.txt.gv.png
09-46	09	46	09-46 Which Way Books 09 Creatures of the Dark.txt.gv.png
09-47	09	47	09-47 Which Way Books 10 Invasion of the Black Slime.txt.gv.png
09-48	09	48	09-48 Which Way Books 11 Space Raiders and the Planet of Doom.txt.gv.png
09-49	09	49	09-49 Which Way Books 12 Trapped in the Black Box.txt.gv.png
09-50	09	50	09-50 Which Way Books 13 Starship Warrior.txt.gv.png
09-51	09	51	09-51 Which Way Books 14 Poltergeists, Ghosts, and Psychic Encounters.txt.gv.png
09-52	09	52	09-52 Which Way Books 15 Star Trek Voyage to Adventure.txt.gv.png
09-54	09	54	09-54 Which Way Books 16 The Shadow Stealers.txt.gv.png
09-55	09	55	09-55 Which Way Books 17 Invasion of the Mutants.txt.gv.png
10-01	10	01	10-01 WWY 01 Forest of Twisted Dreams, The.txt.gv.png
10-03	10	03	10-03 WWY 02 Siege of the Dragonriders, The.txt.gv.png
10-04	10	04	10-04 WWY 03 Who Kidnapped Princess Saralinda.txt.gv.png
10-06	10	06	10-06 WWY 04 Ghost Knights of Camelot.txt.gv.png
10-08	10	08	10-08 WWY 05 Haunted Castle of Ravencurse, The.txt.gv.png
10-10	10	10	10-10 WWY 06 The Revenge of the Falcon Knight--labeled.txt.gv.png
10-23	10	23	10-23 Nintendo Adventures 01 Double Trouble.txt.gv.png
10-25	10	25	10-25 Nintendo Adventures 02 Leaping Lizards.txt.gv.png
10-52	10	52	10-52 Zork 03 Cavern of Doom, The.txt.gv.png
10-53	10	53	10-53 Zork 04 Conquest at Quendor.txt.gv.png
10-54	10	54	10-54 TwistaPlot 01 Time Raider, The.txt.gv.png
10-56	10	56	10-56 TwistaPlot 03 Formula for Trouble, The.txt.gv.png
10-60	10	60	10-60 TwistaPlot 07 Video Avenger.txt.gv.png
10-68	10	68	10-68 TwistaPlot 15 Spellcaster--Endings.txt.gv.png
10-68	10	68	10-68 TwistaPlot 15 Spellcaster--Illustrations.txt.gv.png
10-68	10	68	10-68 TwistaPlot 15 Spellcaster--Theme.txt.gv.png
10-68	10	68	10-68 TwistaPlot 15 Spellcaster.txt.gv.png
10-72	10	72	10-72 Explorer 01 Journey to the Center of the Atom.txt.gv.png
10-72	10	72	10-72v2 Explorer 01 Journey to the Center of the Atom (compressed).txt.gv.png
10-73	10	73	10-73 Explorer 02 Destination Brain--compressed.txt.gv.png
10-73	10	73	10-73 Explorer 02 Destination Brain.txt.gv.png
10-74	10	74	10-74 Explorer 03 In Search of a Shark.txt.gv.png
10-75	10	75	10-75 Explorer 04 Escape from Jupiter.txt.gv.png
11-01	11	01	11-01 Star Challenge 01 Planets in Peril.txt.gv.png
11-02	11	02	11-02 Star Challenge 02 Android Invasion, The.txt.gv.png
11-03	11	03	11-03 Star Challenge 03 Cosmic Funhouse, The.txt.gv.png
11-04	11	04	11-04 Star Challenge 05 Galactic Raiders.txt.gv.png
11-05	11	05	11-05 Star Challenge 06 Weird Zone, The.txt.gv.png
11-07	11	07	11-07 Star Challenge 07 Dimension of Doom.txt.gv.png
11-08	11	08	11-08 Star Challenge 08 Lost Planet, The.txt.gv.png
11-09	11	09	11-09 Star Challenge 09 Moons of Mystery.txt.gv.png
11-10	11	10	11-10 Star Challenge 10 Haunted Planet, The.txt.gv.png
11-11	11	11	11-11 EFT 01 Tenopia Island.txt.gv.png
11-11	11	11	11-11v2 EFT 01 Tenopia Island (no maps).txt.gv.png
11-11	11	11	11-11v3 EFT 01 Tenopia Island (no maps, simplified).txt.gv.png
11-12	11	12	11-12 EFT 02 Trapped in the Sea Kingdom.txt.gv.png
11-13	11	13	11-13 EFT 03 Terror on Kabran.txt.gv.png
11-14	11	14	11-14 EFT 04 Star System Tenopia.txt.gv.png
11-15	11	15	11-15 EFKF 01 Castle of Frome, The.txt.gv.png
11-16	11	16	11-16 EFKF 02 The Forest of the King.txt.gv.png
11-17	11	17	11-17 EFKF 02 The Caverns of Mornas.txt.gv.png
11-19	11	19	11-19 EFKF 04 The Battle of Astar.txt.gv.png
11-20	11	20	11-20 YAA 01 The Castle of Doom.txt.gv.png
11-21	11	21	11-21 YAA 02 Island of Fear.txt.gv.png
11-22	11	22	11-22 YAA 03 Terror Under the Earth.txt.gv.png
11-23	11	23	11-23 YAA 04 The Dragonmaster.txt.gv.png
11-24	11	24	11-24 YAA 05 Revenge of the Dragonmaster.txt.gv.png
11-25	11	25	11-25 Scream Shop 01 Abracadanger.txt.gv.png
11-26	11	26	11-26 Scream Shop 02 Now You See Me, Now You Don't!.txt.gv.png
11-27	11	27	11-27 Scream Shop 03 Eye Spy Aliens.txt.gv.png
11-28	11	28	11-28 Scream Shop 04 Revenge of the Gargoyle.txt.gv.png
11-29	11	29	11-29 Scream Shop 05 Three Strikes and You're a Monster.txt.gv.png
11-30	11	30	11-30 Scream Shop 06 Day of the Dead.txt.gv.png
11-31	11	31	11-31 Scream Shop 07 Curse of Count Blood.txt.gv.png
11-32	11	32	11-32 Scream Shop 08 War of the Trolls.txt.gv.png
11-33	11	33	11-33 PAP 01 The Dandee Diamond Mystery.txt.gv.png
11-34	11	34	11-34 PAP 02 The Roller Coaster Ghost.txt.gv.png
11-35	11	35	11-35 PAP 03 The Great Baseball Championship.txt.gv.png
11-36	11	36	11-36 PAP 04 The Amazing Bubble Gum Caper.txt.gv.png
11-37	11	37	11-37 PAP 05 The Super Trail Bike Race.txt.gv.png
11-38	11	38	11-38 PAP 06 Mystery at Mockingbird Manor.txt.gv.png
11-39	11	39	11-39 PAP 07 The Fantastic Journey of the Space Shuttle Astra.txt.gv.png
11-40	11	40	11-40 PAP 08 The Magic Top Mystery.txt.gv.png
11-41	11	41	11-41 PAP 09 Jungle Adventure.txt.gv.png
11-42	11	42	11-42 PAP 10 The Mystery of the Missing Mummy.txt.gv.png
11-43	11	43	11-43 PAP 11 Dinosaur Adventure.txt.gv.png
11-44	11	44	11-44 PAP 12 The Ballerina Mystery.txt.gv.png
11-45	11	45	11-45 PAP 13 The Secret of 13.txt.gv.png
11-46	11	46	11-46 PAP 14 RIM The Rebel Robot.txt.gv.png
11-47	11	47	11-47 PAP 15 The Hot Dog Gang Caper.txt.gv.png
11-48	11	48	11-48 PAP 16 Adventure at Camp Schoonover.txt.gv.png
11-49	11	49	11-49 PAP 17 Murf the Monster.txt.gv.png
11-50	11	50	11-50 MC The Cereal Box Adventures.txt.gv.png
11-51	11	51	11-51 MC Professor Q's Mysterious Machine.txt.gv.png
11-52	11	52	11-52 MC Flight into the Unknown.txt.gv.png
11-53	11	53	11-53 MC Dr. Zarnof's Evil Plot.txt.gv.png
11-54	11	54	11-54 MC Mr. X's Golden Scheme.txt.gv.png
11-55	11	55	11-55 MC The President's Stuck in the Mud.txt.gv.png
11-56	11	56	11-56 MC Trouble in Quartz Mountain.txt.gv.png
11-57	11	57	11-57 MC A Horse Named Funny Bits.txt.gv.png
11-58	11	58	11-58 MC Help! Im Drowning(And Other Emergencies).txt.gv.png
11-59	11	59	11-59 MC Help! I'm Shrinking!.txt.gv.png
11-60	11	60	11-60 MC The Hawaiian Computer Mystery.txt.gv.png
11-61	11	61	11-61 MC General K's Victory Tour.txt.gv.png
11-62	11	62	11-62 MBIY 01 The Adventures of Puss in Boots.txt.gv.png
11-64	11	64	11-64 MBIY 02 The Adventures of Snow White and the Seven Dwarfs.txt.gv.png
11-65	11	65	11-65 MBIY 03 The Adventures of Thumbelina.txt.gv.png
11-66	11	66	11-66 Lazer Tag 01 High Spy.txt.gv.png
11-67	11	67	11-67 Lazer Tag 02 Danger, Second Hand.txt.gv.png
11-68	11	68	11-68 Lazer Tag 03 Invisible Rival.txt.gv.png
12-01	12	01	12-01 HeartQuest 01 Ring of the Ruby Dragon G .txt.gv.png
12-01	12	01	12-01 HeartQuest Book 01 Ring of the Ruby Dragon.txt.gv.png
12-02	12	02	12-02 HeartQuest 02 Talisman of Valdegarde G .txt.gv.png
12-02	12	02	12-02 HeartQuest 02 Talisman of Valdegarde.txt.gv.png
12-03	12	03	12-03 Heart Quest Book 03 Secret Sorceress G.txt.gv.png
12-03	12	03	12-03 HeartQuest 03 Secret Sorceress.txt.gv.png
12-04	12	04	12-04 HeartQuest 04 Isle of Illusion (GENRE).txt.gv.png
12-04	12	04	12-04 HeartQuest 04 Isle of Illusion .txt.gv.png
12-05	12	05	12-05 HeartQuest 05 Moon Dragon Summer (GENRE).txt.gv.png
12-05	12	05	12-05 HeartQuest 05 Moon Dragon Summer .txt.gv.png
12-06	12	06	12-06 HeartQuest 06 Lady of the Winds (GENRE).txt.gv.png
12-06	12	06	12-06 HeartQuest 06 Lady of the Winds.txt.gv.png
12-19	12	19	12-19 Amazing Stories Book 04 Nightmare Universe.txt.gv.png
12-22	12	22	12-22 Blackstone's Magic Adventure 01 The Case of the Mummy's Tomb.txt.gv.png
12-26	12	26	12-26 Blackstone's Magic Adventure 02 Secrets of Stonehenge.txt.gv.png
12-27	12	27	12-27 Endless Quest Books: Crimson Crystal Adventurs 01 Riddle of the Griffin.txt.gv.png
12-31	12	31	12-31 Dungeons and Dragons Cartoon Show Books 01 Tower of Midnight Dreams.txt.gv.png
12-34	12	34	12-34 Fantasy Forest 01 The Ring, the Sword, and the Unicorn.txt.gv.png
12-45	12	45	12-45 Mystic Nights of Tir na Nog -- Fire Within, Air Above.txt.gv.png
12-49	12	49	12-49 Find Your Fate Junior - Golden Girl 01 Golden Girl and the Vanishing Unicorn (GENRE).txt.gv.png
12-49	12	49	12-49 Find Your Fate Junior - Golden Girl 01 Golden Girl and the Vanishing Unicorn.txt.gv.png
12-50	12	50	12-50 Find Your Fate Junior - Golden Girl 02 Golden Girl in the Land of Dreams (GENRE).txt.gv.png
12-50	12	50	12-50 Find Your Fate Junior - Golden Girl 02 Golden Girl in the Land of Dreams.txt.gv.png
12-51	12	51	12-51 Find Your Fate Junior - Golden Girl 03 Golden Girl and the Crystal of Doom (GENRE).txt.gv.png
12-51	12	51	12-51 Find Your Fate Junior - Golden Girl 03 Golden Girl and the Crystal of Doom.txt.gv.png
12-52	12	52	12-52 Which Way Secret Door Books 02 Giants, Elves & Scary Monsters.txt.gv.png
12-53	12	53	12-53 Which Way Secret Door Books 03 The Haunted Castle.txt.gv.png
12-61	12	61	12-61 Which Way Secret Door Books 11 Enchanted Forest.txt.gv.png
13-01	13	01	13-01 PYOHS -- Craven House Horrors (116).txt.gv.png
13-09	13	09	13-09 PIYAS -- Staying Alive (152).txt.gv.png
13-10	13	10	13-10 PIYAS -- Star Trek III (117) one ending.txt.gv.png
13-11	13	11	13-11 PIYAS -- Star Trek II (126).txt.gv.png
13-12	13	12	13-12 Storytrails -- Stone of Badda.txt.gv.png
13-19	13	19	13-19 Rollercoaster Tycoon -- Sudden Turn.txt.gv.png
13-25	13	25	13-25 IYC -- Serena's Secret (80).txt.gv.png
13-28	13	28	13-28 Powerpuff Girls -- Career-Day Blossom (64).txt.gv.png
13-56	13	56	13-56B Survivor -- Thailand.txt.gv.png
13-60	13	60	13-60 Troll AA -- Cosmic Kidnappers (116) remediates computer functions.txt.gv.png
13-60	13	60	13-60G Troll AA -- Cosmic Kidnappers (116) remediates computer functions (GENRE).txt.gv.png
13-61	13	61	13-61 Troll AA -- Target Earth (116).txt.gv.png
13-62	13	62	13-62 Troll AA -- Town in Terror (116).txt.gv.png
13-63	13	63	13-63 Troll AA -- Thieves from Space (118).txt.gv.png
13-66	13	66	13-66 Troll FA -- Secret of the Old Museum (99) interesting middle branch.txt.gv.png
13-67	13	67	13-67 Troll FA -- Mystery at Loch Ness (99).txt.gv.png
13-70	13	70	13-70 Troll FF -- War of the Wizards.txt.gv.png
13-71	13	71	13-71 Troll FF -- Master of Mazes.txt.gv.png
13-72	13	72	13-72 Troll FF -- Magician's Ring.txt.gv.png
13-73	13	73	13-73 ** Troll FF -- Forbidden Towers (124).txt.gv.png
13-74	13	74	13-74 Troll SIY -- Mystery at the Bike Race (122).txt.gv.png
13-76	13	76	13-76 Troll SIY -- Missing Rock Star Caper (117).txt.gv.png
14-01	14	01	14-01 What If Books 01 Ride the Blue Bazoo.txt.gv.png
14-02	14	02	14-02 What If Books 02 Follow the Lone Cry.txt.gv.png
14-03	14	03	14-03 What If Books 03 Sneek Behind Enemy Lines.txt.gv.png
14-04	14	04	14-04 What If Books 04 Accept the Royal Challenge.txt.gv.png
14-05	14	05	14-05 Turning Points 01 Friends Forever.txt.gv.png
14-06	14	06	14-06 Turning Points 02 Kerry's Dance.txt.gv.png
14-07	14	07	14-07 Turning Points 03 Valentine for Betsy.txt.gv.png
14-08	14	08	14-08 Turning Points 04 Forget Me Not.txt.gv.png
14-09	14	09	14-09 Turning Points 05 Keep Tomorrow for Me.txt.gv.png
14-10	14	10	14-10 Follow Your Heart Romance 01 Summer in the Sun.txt.gv.png
14-11	14	11	14-11 Follow Your Heart Romance 04 Sun, Sea and Boys.txt.gv.png
14-12	14	12	14-12 Follow Your Heart Romance 08 Lots of Boys.txt.gv.png
14-13	14	13	14-13 Follow Your Heart Romance 10 Seven Boy Vacation.txt.gv.png
14-14	14	14	14-14 Dream Your Own Romance 02 Holiday Romance.txt.gv.png
14-15	14	15	14-15 Make Your Dreams Come True -- Angie's Choice.txt.gv.png
14-15	14	15	14-15 Make Your Dreams Come True 01 Angie's Choice.txt.gv.png
14-16	14	16	14-16 Make Your Dreams Come True 02 Winning at Love.txt.gv.png
14-17	14	17	14-17 Make Your Dreams Come True -- Worthy Opponents.txt.gv.png
14-18	14	18	14-18 Make Your Dreams Come True -- Dream Date.txt.gv.png
14-21	14	21	14-21 Pick Your Own Dream Date -- Saturday Night Bash, The.txt.gv.png
14-22	14	22	14-22 Pick Your Own Dream Date -- Spring Break.txt.gv.png
14-23	14	23	14-23 Confidentially Yours -- Confidentially Yours.txt.gv.png
14-24	14	24	14-24 Confidentially Yours -- Breaking Up is Hard to Do.txt.gv.png
14-25	14	25	14-25 Date with Destiny Adventures -- Escape From Fire Island.txt.gv.png
14-26	14	26	14-26 Date with Destiny Adventures -- Night of a Thousand Boyfriends.txt.gv.png
14-27	14	27	14-27 Find Your Fate - Jem 01 Jewels in the Dark.txt.gv.png
14-28	14	28	14-28 Find Your Fate - Jem -- Video Caper, The.txt.gv.png
14-29	14	29	14-29 Find Your Fate - Jem -- Secret of Rainbow Island.txt.gv.png
14-30	14	30	14-30 Miss Adventure 01 Tangle in Tijuana.txt.gv.png
14-32	14	32	14-32 Ghostwriter -- Match of Wills.txt.gv.png
14-33	14	33	14-33 Ghostwriter -- Amazement Park Adventure.txt.gv.png
14-34	14	34	14-34 Sexuality Decision- Making Series -- Taking Chance with Sex.txt.gv.png
14-38	14	38	14-38 Thrilling Adventures in Space -- Space Pilot.txt.gv.png
14-40	14	40	14-40 Have Your Own Extra-Terrestrial Adventure.txt.gv.png
14-41	14	41	14-41 You Can Be -- The Stainless Steel Rat.txt.gv.png
14-43	14	43	14-43 Make Your Own Adventure With -- Doctor Who, The Garden of Evil.txt.gv.png
14-44	14	44	14-44 Micro Adventure -- Robot Race.txt.gv.png
14-45	14	45	14-45 Star Challenge -- The Exploding Suns.txt.gv.png
14-48	14	48	14-48 Find Your (Unfortunate) Fate -- Tales from the Crypt-Name Your Nightmare.txt.gv.png
14-49	14	49	14-49 Animorphs Alternamorphs -- Next Passage, The.txt.gv.png
14-50	14	50	14-50 Animorphs Alternamorphs -- First Journey.txt.gv.png
14-51	14	51	14-51 Paths of Doom -- Sete-Ka's Dream Quest.txt.gv.png
14-54	14	54	14-54 Make It Happen -- Master of the Past.txt.gv.png
14-58	14	58	14-58 Tracker Books -- Codebreaker.txt.gv.png
14-59	14	59	14-59 Tracker Books -- Skyjacked.txt.gv.png
14-63	14	63	14-63 Storymaze -- The Golden Udder.txt.gv.png
14-65	14	65	14-65 Storymaze -- Minaotaur's Maze, The.txt.gv.png
14-66	14	66	14-66 You Are There -- Battle of the Alamo.txt.gv.png
19-19	19	19	19-19 The Crown of the Kings.txt.gv.png
22-06	22	06	22-06A 1 on 1 Adventure Gamebooks -- Challenge of Druid's Grove - Renwood.txt.gv.png
22-06	22	06	22-06B 1 on 1 Adventure Gamebooks -- Challenge of Druid's Grove - Ar-kane.txt.gv.png
22-07	22	07	22-07A 1 on 1 Adventure Gamebooks -- The Amber Sword of World's End - Uthrac.txt.gv.png
22-07	22	07	22-07B 1 on 1 Adventure Gamebooks -- The Amber Sword of World's End - Garth.txt.gv.png
22-09	22	09	22-09A 1 on 1 Marvel Super Heroes -- The King Takes a Dare - Daredevil.txt.gv.png
22-09	22	09	22-09B 1 on 1 Marvel Super Heroes -- The King Takes A Dare - Kingpin.txt.gv.png
22-13	22	13	22-13 Marvel Superheroes Adventure Gamebook 03 Wolverine.txt.gv.png
22-17	22	17	22-17 Marvel Super Heroes -- Uncanny X-Men - An X-cellent Death.txt.gv.png
22-19	22	19	22-19 Marvel Super Heroes Adventure Gamebook -- Daredevil.txt.gv.png
22-21	22	21	22-21 Knightmare -- The Labryinths of Fear.txt.gv.png
22-22	22	22	22-22 Knightmare -- Fortress of Assasins.txt.gv.png
22-29	22	29	22-29 SwordQuest -- Quest of the Unicorn's Horn.txt.gv.png
22-30	22	30	22-30 SwordQuest -- Quest for the Elf King.txt.gv.png
22-34	22	34	22-34 Demonspawn 01 Fire-Wolf.txt.gv.png
22-35	22	35	22-35 Demonspawn 02 The Crypts of Terror.txt.gv.png
22-38	22	38	22-38 Sagard the Barbarian -- The Ice Dragon.txt.gv.png
32-34	32	34	32-34 Scegli la tua avventura -- Sopravvivere in mare (Italian).txt.gv.png
32-34	32	34	32-34 Sopravvivere in mare (Italian).txt.gv.png
32-35	32	35	32-35 Oltre lo spazio.txt.gv.png
32-35	32	35	32-35 Scegli la tua avventura -- Oltre lo spazio (Italian).txt.gv.png
32-36	32	36	32-36 Dentro L'UFO 54-40 (Italian).txt.gv.png
32-43	32	43	32-43 La Corona Del Re Sole.txt.gv.png
33-37	33	37	33-37 abominable hombre de las nieves, El.txt.gv.png
33-38	33	38	33-38 expreso de los vampiros, El.txt.gv.png
34-01	34	01	34-01 Reto de las galaxias, El -- Planetas en peligro.txt.gv.png
34-02	34	02	34-02 Reto de las galaxias, El -- La Invasion Androide.txt.gv.png
34-03	34	03	34-03 Vidaventura -- En Busca Del Yeti.txt.gv.png
34-04	34	04	34-04 Vidaventura -- Un Caballero De La Mesa Redonda.txt.gv.png
34-05	34	05	34-05 Vidaventura -- Tesoro De Moctezuma, El.txt.gv.png
34-06	34	06	34-06 Vidaventura -- monstruo de Loch Ness, El.txt.gv.png
34-07	34	07	34-07 Vidaventura -- Encuentros extragalacticos.txt.gv.png
34-08	34	08	34-08 Elige tu propio escalofrio -- castillo de la oscuridad, El.txt.gv.png
34-09	34	09	34-09 Elige tu propio escalofrio -- bosque tenebroso, El.txt.gv.png
34-11	34	11	34-11 Tu resuelves el caso -- Polvorin en el Caribe.txt.gv.png
34-12	34	12	34-12 Elige tu aventura -- anillo del mago, El.txt.gv.png
34-13	34	13	34-13 Elige tu aventura -- misterio de Loch Ness, El.txt.gv.png
34-14	34	14	34-14 naufrago de la isla misteriosa.txt.gv.png
34-15	34	15	34-15 misterio de la desaparicion del cantante de rock, El.txt.gv.png
34-16	34	16	34-16 Terrores fuera del tiempo.txt.gv.png
34-46	34	46	34-46 Time Machine--Le Sorgenti Del Nino (Italian).txt.gv.png
34-47	34	47	34-47 Time Machine-- le fiamme dell'inquisizione (Italian).txt.gv.png
39-01	39	01	39-01 The Adventures of You -- Sugarcane Island.txt.gv.png
39-03	39	03	39-03 Lone Wolf 19 Wolf's Bane (NO REFS).txt.gv.png
39-03	39	03	39-03 Lone Wolf 19 Wolf's Bane.txt.gv.png
39-04	39	04	39-04 Lone Wolf 25 Trail of the Wolf (NO REFS).txt.gv.png
39-04	39	04	39-04 Lone Wolf 25 Trail of the Wolf.txt.gv.png
39-05	39	05	39-05 You Be the Jury - Courtroom III.txt.gv.png
39-06	39	06	39-06 You Be the Jury - Courtroom IV.txt.gv.png
39-07	39	07	39-07 You Be the Jury - Courtroom IV (REMAKE).txt.gv.png
39-08	39	08	39-08 Solo Boxes.txt.gv.png
39-09	39	09	39-09 Solo Noughts and Crosses.txt.gv.png
39-10	39	10	39-10 Sleep and the City Trembles.txt.gv.png
39-11	39	11	39-11 Clue 11 The Picture-Perfect Crime.txt.gv.png
39-12	39	12	39-12 Clue 10 The Screaming Skeleton.txt.gv.png
39-13	39	13	39-13 Clue Jr. 11 The Case of the Barking Dog.txt.gv.png
39-14	39	14	39-14 Zebra Mystery Puzzler 44 The Witch's Tower Mystery.txt.gv.png
39-15	39	15	39-15 A Solve-It-Yourself Mystery 58 The Laughing Dragon Mystery.txt.gv.png
39-16	39	16	39-16 Star Wars-The Clone Wars Decide Your Destiny 01 The Way of the Jedi.txt.gv.png
39-17	39	17	39-17 You-Solve-It Mysteries 02 Dead Asleep.txt.gv.png
39-18	39	18	39-18 Find Your Fate Dr. Who 03 Garden of Evil.txt.gv.png
39-37	39	37	39-37 Hopscotch (codex order).txt.gv.png
39-37	39	37	39-37 Hopscotch (TOC 1).txt.gv.png
39-37	39	37	39-37 Hopscotch (TOC 1-2 combined).txt.gv.png
39-37	39	37	39-37 Hopscotch (TOC 2).txt.gv.png
39-40	39	40	39-40 Maps-The Uncollected John Sladek (combined).txt.gv.png
39-40	39	40	39-40 Maps-The Uncollected John Sladek - Alien Territory.txt.gv.png
39-40	39	40	39-40 Maps-The Uncollected John Sladek - The Lost Nose.txt.gv.png
39-41	39	41	39-41 The Last Book (crop endings).txt.gv.png
39-41	39	41	39-41 The Last Book.txt.gv.png
41-11	41	11	41-11 Fiaba game -- Tu Sei il Califfo del Deserto (Italian).txt.gv.png
41-12	41	12	41-12 Fiaba game -- Tu sei la Fata dei Folletti (Italian).txt.gv.png
41-13	41	13	41-13 Straniero, Lo -- In Cerca di Fortuna (Italian).txt.gv.png
41-14	41	14	41-14 Libri di Mondo Erre, I -- Avventure al Campo (Italian).txt.gv.png
41-15	41	15	41-15 Libri di Mondo Erre, I -- I Misteri delle Catacombe (Italian).txt.gv.png
41-16	41	16	41-16 Novecento Giochi -- Il Gobbo Maledetto (Italian).txt.gv.png
41-17	41	17	41-17 Big Night Out.txt.gv.png
41-33	41	33	41-33 American Girls - The Two Month Itch (no readorder).txt.gv.png
41-33	41	33	41-33 American Girls - The Two Month Itch.txt.gv.png
41-34	41	34	41-34 Costruire i Libri-Gioco -- Chapter - il labirinto di certa.txt.gv.png
41-34	41	34	41-34 Costruire i Libri-Gioco -- Chapter - Lavorare in classe con i racconti-gioco Io ho fatto cosi.txt.gv.png
41-34	41	34	41-34 Costruire i libri-gioco --Prologo (Italian).txt.gv.png
42-01	42	01	42-01 Giocare a dadi col drago (Italian).txt.gv.png
42-01	42	01	42-01 Giocare A Dadi Col Drago.txt.gv.png
42-02	42	02	42-02 Warhammer 40K-Hive of the Dead.txt.gv.png
42-31	42	31	42-31 Sports Illustrated for Kids Play Book! -- Baseball - You Are the Manager, You Call the Shots.txt.gv.png
42-32	42	32	42-32 Sports Illustrated for Kids Play Book! -- Football - You Are the Quarterback, You Call The Shots.txt.gv.png
42-33	42	33	42-33 Je Bouquine (April 1998, issue 50).txt.gv.png
42-34	42	34	42-34 Je Bouquine (July 2002, issue 221).txt.gv.png
42-35	42	35	42-35 Je Bouquine (August 2002, Issue 222).txt.gv.png
42-36	42	36	42-36 CYOA - Dragonlarks 01 The Haunted House.txt.gv.png
42-37	42	37	42-37 CYOA - Dragonlarks 02 Your Very Own Robot.txt.gv.png
42-38	42	38	42-38 CYOA - Dragonlarks 03 Indian Trail.txt.gv.png
42-39	42	39	42-39 CYOA - Dragonlarks 04 Caravan.txt.gv.png
42-40	42	40	42-40 CYOA - Dragonlarks 05 Your Purrr-fect Birthday.txt.gv.png
42-41	42	41	42-41 CYOA - Dragonlarks 07 Sand Castle.txt.gv.png
42-42	42	42	42-42 CYOA - Dragonlarks 09 Always Picked Last.txt.gv.png
42-43	42	43	42-43 CYOA - Dragonlarks 10 Your Very Own Robot Goes Cuckoo-Bananas!.txt.gv.png
42-44	42	44	42-44 CYOA - Dragonlarks 11 Return to Haunted House.txt.gv.png
42-45	42	45	42-45 CYOA - Dragonlarks 12 The Owl Tree.txt.gv.png
42-46	42	46	42-46 CYOA - Dragonlarks -- The Lake Monster Mystery.txt.gv.png
42-47	42	47	42-47 CYOA - Dragonlarks -- Ghost Island.txt.gv.png
42-48	42	48	42-48 You are There Bible Adventures (Chapter 1).txt.gv.png
42-48	42	48	42-48 You are There Bible Adventures (Chapter 2).txt.gv.png
42-48	42	48	42-48 You are There Bible Adventures (Chapter 3).txt.gv.png
42-48	42	48	42-48 You are There Bible Adventures (Chapter 4).txt.gv.png
42-48	42	48	42-48 You are There Bible Adventures (Chapter 5).txt.gv.png
42-48	42	48	42-48 You are There Bible Adventures (Chapter 6).txt.gv.png
42-48	42	48	42-48 You are There Bible Adventures (Chapter 7).txt.gv.png
42-48	42	48	42-48 You are There Bible Adventures (Chapter 8).txt.gv.png
42-48	42	48	42-48 You are There Bible Adventures.txt.gv.png
42-49	42	49	42-49 Creating Adventure Games on Your Computer - Ex1 - a simple five-room environment.txt.gv.png
42-49	42	49	42-49 Creating Adventure Games on Your Computer - Ex2 - Werewolves and Wanderer (paper).txt.gv.png
42-49	42	49	42-49 Creating Adventure Games on Your Computer - Ex3 - Werewolves and Wanderer (computer).txt.gv.png
42-49	42	49	42-49 Creating Adventure Games on Your Computer - Ex4 - The Asimovian Disaster.txt.gv.png
42-49	42	49	42-49 Creating Adventure Games on Your Computer - Ex5 - The Citidel of Pershu.txt.gv.png
42-49	42	49	42-49 Creating Adventure Games on Your Computer - Ex6 - Chateau Gaillard.txt.gv.png
42-49	42	49	42-49 Creating Adventure Games on Your Computer.txt.gv.png
42-50	42	50	42-50 (v.5) Back Brain Recluse -- Angel Body and Other Magic for the Soul.txt.gv.png
43-20	43	20	43-20 Whatever You Want.txt.gv.png
